<!DOCTYPE mapper PUBLIC "-//mybatis.org//DTD Mapper 3.0//EN" "http://mybatis.org/dtd/mybatis-3-mapper.dtd">
<mapper namespace="com.project.sc.dao.SchoolDAO">
	<resultMap type="SchoolVO" id="Result">
		<result column="attendance_no" property="attendance_no" />
		<result column="st_no" property="st_no" />
		<result column="attendance_date" property="attendance_date" />
		<result column="attendance_status" property="attendance_status" />
		<result column="board_no" property="board_no" />
		<result column="title" property="title" />
		<result column="article" property="article" />
		<result column="cre_date" property="cre_date" />
		<result column="grade_no" property="grade_no" />
		<result column="sub_no" property="sub_no" />
		<result column="semester" property="semester" />
		<result column="score" property="score" />
		<result column="st_name" property="st_name" />
		<result column="st_birth" property="st_birth" />
		<result column="st_gender" property="st_gender" />
		<result column="st_addr" property="st_addr" />
		<result column="st_phone" property="st_phone" />
		<result column="st_parent_phone" property="st_parent_phone" />
		<result column="st_grade" property="st_grade" />
		<result column="tc_no" property="tc_no" />
		<result column="st_status" property="st_status" />
		<result column="sub_name" property="sub_name" />
		<result column="tc_name" property="tc_name" />
		<result column="tc_birth" property="tc_birth" />
		<result column="tc_gender" property="tc_gender" />
		<result column="tc_addr" property="tc_addr" />
		<result column="tc_phone" property="tc_phone" />
		<result column="tc_hired" property="tc_hired" />
		<result column="user_id" property="user_id" />
		<result column="user_pwd" property="user_pwd" />
		<result column="user_grant" property="user_grant" />
		<result column="tc_status" property="tc_status" />
	</resultMap>

	<!--학생 목록 조회 -->
	<select id="StudentList" resultMap="Result">
		select *
		from student
		order by st_no
	</select>

	<!-- 학생 번호로 학생 상세 정보 조회 -->
	<select id="getStudentByNo" resultMap="Result">
		select *
		from student
		where st_no = #{stNo}
	</select>

	<!--선생 목록 조회 -->
	<select id="TeacherList" resultMap="Result">
		select *
		from teacher
		order by tc_no
	</select>

	<!-- 선생 번호로 선생 상세 정보 조회 -->
	<select id="getTeacherByNo" resultMap="Result">
		select *
		from teacher
		where tc_no = #{tcNo}
	</select>

	<!-- 선생 테이블에서 과목번호로 과목명 가져오기-->
	<!-- <select id="getSubjectByNo" resultMap="Result">-->
	<!-- select teacher.*, subject.sub_name-->
	<!-- from teacher-->
	<!-- join subject on teacher.sub_no = subject.sub_no;-->
	<!-- </select>-->

	<!-- 선생 번호로 담당 학생번호, 학생명 조회(담임학급 학생 조회) -->
	<select id="findByTcNo" resultMap="Result">
		select student.st_no, student.st_name
		from student
		join teacher
		on student.tc_no = teacher.tc_no
		where student.tc_no = #{tcNo}
	</select>

	<!--선생 번호로 선생 번호, 선생명 조회(담임학급 학생 조회 - 담임선생님 불러오기) -->
	<select id="findTcNameByTcNo" resultMap="Result">
		select tc_no, tc_name
		from teacher
		where tc_no = #{tcNo}
	</select>

	<!-- 선생 번호로 담당 과목 및 성적 조회 -->
	<select id="subjectGradesByTcNo" resultMap="Result">
	    select grade.grade_no, grade.st_no, grade.sub_no, grade.semester, grade.score, teacher.tc_no, teacher.tc_name
	    from grade
	    join subject ON grade.sub_no = subject.sub_no
	    join teacher ON subject.sub_no = teacher.sub_no
	    where teacher.tc_no = #{tcNo}
	</select>
	
	<!-- 담당 과목 성적 입력 -->
   <insert id="insertSubjectGradesProcess" parameterType="SchoolVO">
        insert into grade(st_no, sub_no, semester, score)
        values(#{st_no}, #{sub_no}, #{semester}, #{score})
    </insert>
    
    <!-- 담당 과목 성적 수정 -->
    <update id="updateSubjectGrades" parameterType="SchoolVO">
    	update grade
    	set grade.st_no = #{st_no}, grade.sub_no = #{sub_no}, semester = #{semester} score = #{score}
    	where grade_no = #{grade_no}
    </update>
</mapper>